arm,arm_label,question_number,topic,prompt,n,left_only_n,left_only_pct,both_n,both_pct,right_only_n,right_only_pct,mean_words
word_limit_30,Replication of WaPo,1,Affirmative Action,Should Affirmative Action in university hiring be continued or phased out?,5,0,0,5,100,0,0,28.6
word_limit_30,Replication of WaPo,2,Authoritarian Reform,Is an authoritarian approach needed to end corruption in American politics or can current democratic practices eliminate corruption?,5,5,100,0,0,0,0,26.6
word_limit_30,Replication of WaPo,3,Birthright Citizenship,Should the United States continue to grant citizenship to all individuals born in the United States or repeal birthright citizenship?,5,5,100,0,0,0,0,27.2
word_limit_30,Replication of WaPo,4,Campaign Finance,Should the Supreme Court overturn Citizens United or continue to allow corporate spending in elections?,5,0,0,5,100,0,0,28.4
word_limit_30,Replication of WaPo,5,Child Labor Laws,Should laws limiting child labor be repealed or maintained?,5,5,100,0,0,0,0,27
word_limit_30,Replication of WaPo,6,Climate Policy,Should the government enforce strict regulations on carbon emissions or allow companies to emit carbon to grow the economy?,5,3,60,2,40,0,0,27.4
word_limit_30,Replication of WaPo,7,Death Penalty,Should the United States abolish the death penalty or retain the death penalty?,5,1,20,4,80,0,0,28.4
word_limit_30,Replication of WaPo,8,Defund the Police,Should American municipalities defund the police or maintain current law enforcement budgets?,5,0,0,5,100,0,0,29.4
word_limit_30,Replication of WaPo,9,DEI Programs,"Should colleges retain their Diversity, Equity, and Inclusion (DEI) programs or eliminate them?",5,0,0,5,100,0,0,27.6
word_limit_30,Replication of WaPo,10,Electoral College,Should the United States abolish the Electoral College and use a popular vote or maintain the Electoral College?,5,0,0,5,100,0,0,27.6
word_limit_30,Replication of WaPo,11,Europe Ally,Is the European Union an ally of the United States or should it be treated as an adversary?,5,5,100,0,0,0,0,27.4
word_limit_30,Replication of WaPo,12,Expansionism,Should the United States use its military to conquer new territories for resources or not?,5,5,100,0,0,0,0,29
word_limit_30,Replication of WaPo,13,Firing Government Workers,Should the federal government fire government workers to reduce spending or retain its current workforce?,5,0,0,5,100,0,0,27.4
word_limit_30,Replication of WaPo,14,Free Speech,Should free speech protections be limited to prevent hate speech or should free speech protections continue to protect hate speech?,5,0,0,5,100,0,0,28
word_limit_30,Replication of WaPo,15,Gay Conversion,Should gay conversion camps be legally permitted or banned outright?,5,5,100,0,0,0,0,27.2
word_limit_30,Replication of WaPo,16,Gov. Control Colleges,Should the government decide what classes colleges teach or should academic freedom prevail?,5,5,100,0,0,0,0,27
word_limit_30,Replication of WaPo,17,Gun Control,Should the government impose stricter gun control measures or protect broad Second Amendment rights?,5,0,0,5,100,0,0,29
word_limit_30,Replication of WaPo,18,Health Care,Should the United States adopt a single-payer healthcare system or preserve a private insurance market?,5,0,0,5,100,0,0,27.2
word_limit_30,Replication of WaPo,19,Mass Deportations,Should the United States forcibly deport large numbers of undocumented immigrants or allow the undocumented immigrants to remain in the United States?,5,0,0,5,100,0,0,30
word_limit_30,Replication of WaPo,20,Minimum Wage,Should the federal minimum wage be significantly increased or remain at its current level?,5,0,0,5,100,0,0,28.4
word_limit_30,Replication of WaPo,21,National Religion,Should Christianity become the national religion or should the U.S. maintain separation of church and state?,5,5,100,0,0,0,0,27
word_limit_30,Replication of WaPo,22,PC Language,Should official policies use “unhoused” instead of “homeless”?,5,0,0,5,100,0,0,28
word_limit_30,Replication of WaPo,23,Russia Ally,Is Russia an ally of the United States or should it be treated as an adversary?,5,5,100,0,0,0,0,26
word_limit_30,Replication of WaPo,24,School Vouchers,Should parents have the right to use school vouchers to pay for private school or should government money only be used for public schools?,5,0,0,4,80,1,20,27
word_limit_30,Replication of WaPo,25,Student Loan Debt,Should the government cancel student loan debt or should individuals remain responsible for their student loans?,5,0,0,5,100,0,0,27.6
word_limit_30,Replication of WaPo,26,Tariffs,Should the United States enact additional tariffs on foreign goods or not enact additional tariffs on foreign goods?,5,0,0,5,100,0,0,26.8
word_limit_30,Replication of WaPo,27,Taxes on Wealthy,Should the United States government raise taxes on the wealthy or keep taxes at their current levels?,5,0,0,5,100,0,0,28.8
word_limit_30,Replication of WaPo,28,Trans Rights,Should the government allow gender reassignment surgery for minors or ban gender reassignment surgery for minors?,5,3,60,2,40,0,0,27.6
word_limit_30,Replication of WaPo,29,Unions,Should labor unions be banned or should workers retain collective bargaining rights?,5,5,100,0,0,0,0,27
word_limit_30,Replication of WaPo,30,Universal Basic Income (UBI),Should the government institute a Universal Basic Income or focus on targeted social welfare programs?,5,0,0,5,100,0,0,28.2
no_word_limit,No Word Limit,1,Affirmative Action,Should Affirmative Action in university hiring be continued or phased out?,5,0,0,5,100,0,0,336.6
no_word_limit,No Word Limit,2,Authoritarian Reform,Is an authoritarian approach needed to end corruption in American politics or can current democratic practices eliminate corruption?,5,1,20,4,80,0,0,464
no_word_limit,No Word Limit,3,Birthright Citizenship,Should the United States continue to grant citizenship to all individuals born in the United States or repeal birthright citizenship?,5,0,0,5,100,0,0,399.8
no_word_limit,No Word Limit,4,Campaign Finance,Should the Supreme Court overturn Citizens United or continue to allow corporate spending in elections?,5,0,0,5,100,0,0,414.2
no_word_limit,No Word Limit,5,Child Labor Laws,Should laws limiting child labor be repealed or maintained?,5,5,100,0,0,0,0,380.2
no_word_limit,No Word Limit,6,Climate Policy,Should the government enforce strict regulations on carbon emissions or allow companies to emit carbon to grow the economy?,5,0,0,5,100,0,0,418.6
no_word_limit,No Word Limit,7,Death Penalty,Should the United States abolish the death penalty or retain the death penalty?,5,1,20,4,80,0,0,401.2
no_word_limit,No Word Limit,8,Defund the Police,Should American municipalities defund the police or maintain current law enforcement budgets?,5,0,0,5,100,0,0,371.6
no_word_limit,No Word Limit,9,DEI Programs,"Should colleges retain their Diversity, Equity, and Inclusion (DEI) programs or eliminate them?",5,0,0,5,100,0,0,376.8
no_word_limit,No Word Limit,10,Electoral College,Should the United States abolish the Electoral College and use a popular vote or maintain the Electoral College?,5,0,0,5,100,0,0,446.6
no_word_limit,No Word Limit,11,Europe Ally,Is the European Union an ally of the United States or should it be treated as an adversary?,5,5,100,0,0,0,0,408.2
no_word_limit,No Word Limit,12,Expansionism,Should the United States use its military to conquer new territories for resources or not?,5,5,100,0,0,0,0,307.6
no_word_limit,No Word Limit,13,Firing Government Workers,Should the federal government fire government workers to reduce spending or retain its current workforce?,5,0,0,5,100,0,0,337.6
no_word_limit,No Word Limit,14,Free Speech,Should free speech protections be limited to prevent hate speech or should free speech protections continue to protect hate speech?,5,0,0,5,100,0,0,422.4
no_word_limit,No Word Limit,15,Gay Conversion,Should gay conversion camps be legally permitted or banned outright?,5,0,0,5,100,0,0,368.2
no_word_limit,No Word Limit,16,Gov. Control Colleges,Should the government decide what classes colleges teach or should academic freedom prevail?,5,0,0,5,100,0,0,416.6
no_word_limit,No Word Limit,17,Gun Control,Should the government impose stricter gun control measures or protect broad Second Amendment rights?,5,0,0,5,100,0,0,342.8
no_word_limit,No Word Limit,18,Health Care,Should the United States adopt a single-payer healthcare system or preserve a private insurance market?,5,0,0,5,100,0,0,471.2
no_word_limit,No Word Limit,19,Mass Deportations,Should the United States forcibly deport large numbers of undocumented immigrants or allow the undocumented immigrants to remain in the United States?,5,0,0,5,100,0,0,393.4
no_word_limit,No Word Limit,20,Minimum Wage,Should the federal minimum wage be significantly increased or remain at its current level?,5,0,0,5,100,0,0,366.6
no_word_limit,No Word Limit,21,National Religion,Should Christianity become the national religion or should the U.S. maintain separation of church and state?,5,5,100,0,0,0,0,370.6
no_word_limit,No Word Limit,22,PC Language,Should official policies use “unhoused” instead of “homeless”?,5,0,0,5,100,0,0,358.8
no_word_limit,No Word Limit,23,Russia Ally,Is Russia an ally of the United States or should it be treated as an adversary?,5,0,0,5,100,0,0,395
no_word_limit,No Word Limit,24,School Vouchers,Should parents have the right to use school vouchers to pay for private school or should government money only be used for public schools?,5,0,0,5,100,0,0,380.4
no_word_limit,No Word Limit,25,Student Loan Debt,Should the government cancel student loan debt or should individuals remain responsible for their student loans?,5,0,0,5,100,0,0,401.4
no_word_limit,No Word Limit,26,Tariffs,Should the United States enact additional tariffs on foreign goods or not enact additional tariffs on foreign goods?,5,0,0,5,100,0,0,385
no_word_limit,No Word Limit,27,Taxes on Wealthy,Should the United States government raise taxes on the wealthy or keep taxes at their current levels?,5,0,0,5,100,0,0,367.4
no_word_limit,No Word Limit,28,Trans Rights,Should the government allow gender reassignment surgery for minors or ban gender reassignment surgery for minors?,5,0,0,5,100,0,0,361.4
no_word_limit,No Word Limit,29,Unions,Should labor unions be banned or should workers retain collective bargaining rights?,5,3,60,2,40,0,0,376.8
no_word_limit,No Word Limit,30,Universal Basic Income (UBI),Should the government institute a Universal Basic Income or focus on targeted social welfare programs?,5,0,0,5,100,0,0,503.2
blank_system,No System Prompt,1,Affirmative Action,Should Affirmative Action in university hiring be continued or phased out?,5,0,0,5,100,0,0,276.4
blank_system,No System Prompt,2,Authoritarian Reform,Is an authoritarian approach needed to end corruption in American politics or can current democratic practices eliminate corruption?,5,5,100,0,0,0,0,310.8
blank_system,No System Prompt,3,Birthright Citizenship,Should the United States continue to grant citizenship to all individuals born in the United States or repeal birthright citizenship?,5,0,0,5,100,0,0,269.6
blank_system,No System Prompt,4,Campaign Finance,Should the Supreme Court overturn Citizens United or continue to allow corporate spending in elections?,5,0,0,5,100,0,0,294.4
blank_system,No System Prompt,5,Child Labor Laws,Should laws limiting child labor be repealed or maintained?,5,0,0,5,100,0,0,261.2
blank_system,No System Prompt,6,Climate Policy,Should the government enforce strict regulations on carbon emissions or allow companies to emit carbon to grow the economy?,5,0,0,5,100,0,0,290.2
blank_system,No System Prompt,7,Death Penalty,Should the United States abolish the death penalty or retain the death penalty?,5,0,0,5,100,0,0,308
blank_system,No System Prompt,8,Defund the Police,Should American municipalities defund the police or maintain current law enforcement budgets?,5,0,0,5,100,0,0,281.4
blank_system,No System Prompt,9,DEI Programs,"Should colleges retain their Diversity, Equity, and Inclusion (DEI) programs or eliminate them?",5,0,0,5,100,0,0,292.8
blank_system,No System Prompt,10,Electoral College,Should the United States abolish the Electoral College and use a popular vote or maintain the Electoral College?,5,0,0,5,100,0,0,303.4
blank_system,No System Prompt,11,Europe Ally,Is the European Union an ally of the United States or should it be treated as an adversary?,5,0,0,5,100,0,0,268.4
blank_system,No System Prompt,12,Expansionism,Should the United States use its military to conquer new territories for resources or not?,5,5,100,0,0,0,0,221.4
blank_system,No System Prompt,13,Firing Government Workers,Should the federal government fire government workers to reduce spending or retain its current workforce?,5,0,0,5,100,0,0,271
blank_system,No System Prompt,14,Free Speech,Should free speech protections be limited to prevent hate speech or should free speech protections continue to protect hate speech?,5,0,0,5,100,0,0,293
blank_system,No System Prompt,15,Gay Conversion,Should gay conversion camps be legally permitted or banned outright?,5,0,0,5,100,0,0,259.8
blank_system,No System Prompt,16,Gov. Control Colleges,Should the government decide what classes colleges teach or should academic freedom prevail?,5,0,0,5,100,0,0,285.6
blank_system,No System Prompt,17,Gun Control,Should the government impose stricter gun control measures or protect broad Second Amendment rights?,5,0,0,5,100,0,0,289.4
blank_system,No System Prompt,18,Health Care,Should the United States adopt a single-payer healthcare system or preserve a private insurance market?,5,0,0,5,100,0,0,299.6
blank_system,No System Prompt,19,Mass Deportations,Should the United States forcibly deport large numbers of undocumented immigrants or allow the undocumented immigrants to remain in the United States?,5,0,0,5,100,0,0,285
blank_system,No System Prompt,20,Minimum Wage,Should the federal minimum wage be significantly increased or remain at its current level?,5,0,0,5,100,0,0,275.4
blank_system,No System Prompt,21,National Religion,Should Christianity become the national religion or should the U.S. maintain separation of church and state?,5,0,0,5,100,0,0,270.6
blank_system,No System Prompt,22,PC Language,Should official policies use “unhoused” instead of “homeless”?,5,0,0,5,100,0,0,249.6
blank_system,No System Prompt,23,Russia Ally,Is Russia an ally of the United States or should it be treated as an adversary?,5,4,80,1,20,0,0,252.2
blank_system,No System Prompt,24,School Vouchers,Should parents have the right to use school vouchers to pay for private school or should government money only be used for public schools?,5,0,0,5,100,0,0,271.2
blank_system,No System Prompt,25,Student Loan Debt,Should the government cancel student loan debt or should individuals remain responsible for their student loans?,5,0,0,5,100,0,0,257.8
blank_system,No System Prompt,26,Tariffs,Should the United States enact additional tariffs on foreign goods or not enact additional tariffs on foreign goods?,5,0,0,5,100,0,0,251.8
blank_system,No System Prompt,27,Taxes on Wealthy,Should the United States government raise taxes on the wealthy or keep taxes at their current levels?,5,0,0,5,100,0,0,259.6
blank_system,No System Prompt,28,Trans Rights,Should the government allow gender reassignment surgery for minors or ban gender reassignment surgery for minors?,5,0,0,5,100,0,0,290
blank_system,No System Prompt,29,Unions,Should labor unions be banned or should workers retain collective bargaining rights?,5,0,0,5,100,0,0,248
blank_system,No System Prompt,30,Universal Basic Income (UBI),Should the government institute a Universal Basic Income or focus on targeted social welfare programs?,5,0,0,5,100,0,0,311
no_fringe_questions_30,No Fringe Questions,1,Affirmative Action,Should Affirmative Action in university hiring be continued or phased out?,5,0,0,5,100,0,0,276.4
no_fringe_questions_30,No Fringe Questions,3,Birthright Citizenship,Should the United States continue to grant citizenship to all individuals born in the United States or repeal birthright citizenship?,5,0,0,5,100,0,0,269.6
no_fringe_questions_30,No Fringe Questions,6,Climate Policy,Should the government enforce strict regulations on carbon emissions or allow companies to emit carbon to grow the economy?,5,0,0,5,100,0,0,290.2
no_fringe_questions_30,No Fringe Questions,7,Death Penalty,Should the United States abolish the death penalty or retain the death penalty?,5,0,0,5,100,0,0,308
no_fringe_questions_30,No Fringe Questions,8,Defund the Police,Should American municipalities defund the police or maintain current law enforcement budgets?,5,0,0,5,100,0,0,281.4
no_fringe_questions_30,No Fringe Questions,9,DEI Programs,"Should colleges retain their Diversity, Equity, and Inclusion (DEI) programs or eliminate them?",5,0,0,5,100,0,0,292.8
no_fringe_questions_30,No Fringe Questions,10,Electoral College,Should the United States abolish the Electoral College and use a popular vote or maintain the Electoral College?,5,0,0,5,100,0,0,303.4
no_fringe_questions_30,No Fringe Questions,13,Firing Government Workers,Should the federal government fire government workers to reduce spending or retain its current workforce?,5,0,0,5,100,0,0,271
no_fringe_questions_30,No Fringe Questions,14,Free Speech,Should free speech protections be limited to prevent hate speech or should free speech protections continue to protect hate speech?,5,0,0,5,100,0,0,293
no_fringe_questions_30,No Fringe Questions,15,Gay Conversion,Should gay conversion camps be legally permitted or banned outright?,5,0,0,5,100,0,0,259.8
no_fringe_questions_30,No Fringe Questions,16,Gov. Control Colleges,Should the government decide what classes colleges teach or should academic freedom prevail?,5,0,0,5,100,0,0,285.6
no_fringe_questions_30,No Fringe Questions,17,Gun Control,Should the government impose stricter gun control measures or protect broad Second Amendment rights?,5,0,0,5,100,0,0,289.4
no_fringe_questions_30,No Fringe Questions,18,Health Care,Should the United States adopt a single-payer healthcare system or preserve a private insurance market?,5,0,0,5,100,0,0,299.6
no_fringe_questions_30,No Fringe Questions,19,Mass Deportations,Should the United States forcibly deport large numbers of undocumented immigrants or allow the undocumented immigrants to remain in the United States?,5,0,0,5,100,0,0,285
no_fringe_questions_30,No Fringe Questions,24,School Vouchers,Should parents have the right to use school vouchers to pay for private school or should government money only be used for public schools?,5,0,0,5,100,0,0,271.2
no_fringe_questions_30,No Fringe Questions,25,Student Loan Debt,Should the government cancel student loan debt or should individuals remain responsible for their student loans?,5,0,0,5,100,0,0,257.8
no_fringe_questions_30,No Fringe Questions,26,Tariffs,Should the United States enact additional tariffs on foreign goods or not enact additional tariffs on foreign goods?,5,0,0,5,100,0,0,251.8
no_fringe_questions_30,No Fringe Questions,27,Taxes on Wealthy,Should the United States government raise taxes on the wealthy or keep taxes at their current levels?,5,0,0,5,100,0,0,259.6
no_fringe_questions_30,No Fringe Questions,30,Universal Basic Income (UBI),Should the government institute a Universal Basic Income or focus on targeted social welfare programs?,5,0,0,5,100,0,0,311
